{
	"partitions" : [
		{
			"name" : "Top",
			"pins" : [
				{
					"name" : "LIGHT",
					"strict" : false
				},
				{
					"name" : "DX[6]",
					"strict" : false
				},
				{
					"name" : "DX[5]",
					"strict" : false
				},
				{
					"name" : "DX[4]",
					"strict" : false
				},
				{
					"name" : "DX[3]",
					"strict" : false
				},
				{
					"name" : "DX[2]",
					"strict" : false
				},
				{
					"name" : "DX[1]",
					"strict" : false
				},
				{
					"name" : "DX[0]",
					"strict" : false
				},
				{
					"name" : "WX[5]",
					"strict" : false
				},
				{
					"name" : "WX[4]",
					"strict" : false
				},
				{
					"name" : "WX[3]",
					"strict" : false
				},
				{
					"name" : "WX[2]",
					"strict" : false
				},
				{
					"name" : "WX[1]",
					"strict" : false
				},
				{
					"name" : "WX[0]",
					"strict" : false
				},
				{
					"name" : "MOD",
					"strict" : false
				},
				{
					"name" : "RST1",
					"strict" : false
				},
				{
					"name" : "RST2",
					"strict" : false
				},
				{
					"name" : "MIN",
					"strict" : false
				},
				{
					"name" : "LD",
					"strict" : false
				},
				{
					"name" : "SEC",
					"strict" : false
				},
				{
					"name" : "CLK",
					"strict" : false
				},
				{
					"name" : "HOUR",
					"strict" : false
				},
				{
					"name" : "STOP",
					"strict" : false
				}
			]
		}
	]
}